{
  "home": {
    "w": 2880,
    "h": 4487,
    "aspect": 0.6418542455983953
  },
  "overview": {
    "w": 2880,
    "h": 5484,
    "aspect": 0.5251641137855579
  },
  "plan": {
    "w": 2880,
    "h": 1956,
    "aspect": 1.4723926380368098
  },
  "feed": {
    "w": 2880,
    "h": 2949,
    "aspect": 0.9766022380467956
  },
  "runs": {
    "w": 2880,
    "h": 5085,
    "aspect": 0.5663716814159292
  }
}